club,jugador,jugador_normalizado,dorsal,posicion,foto_url
Elche CF,Alejandro Iturbe,alejandro iturbe,43,Portero,https://img.a.transfermarkt.technology/portrait/medium/618801-1731931020.jpg
Elche CF,Matías Dituro,matias dituro,1,Portero,https://img.a.transfermarkt.technology/portrait/medium/144128-1695219400.png
Elche CF,David Affengruber,david affengruber,22,Defensa central,https://img.a.transfermarkt.technology/portrait/medium/452483-1779272314.jpg
Elche CF,Víctor Chust,victor chust,23,Defensa central,https://img.a.transfermarkt.technology/portrait/medium/495625-1725990797.jpg
Elche CF,John Donald,john donald,18,Defensa central,https://img.a.transfermarkt.technology/portrait/medium/627290-1680535903.jpg
Elche CF,Matia Barzic,matia barzic,26,Defensa central,https://img.a.transfermarkt.technology/portrait/medium/1060456-1761232760.jpg
Elche CF,Bambo Diaby,bambo diaby,4,Defensa central,https://img.a.transfermarkt.technology/portrait/medium/435493-1723551440.jpg
Elche CF,Pedro Bigas,pedro bigas,6,Defensa central,https://img.a.transfermarkt.technology/portrait/medium/203043-1447321397.jpg
Elche CF,Buba Sangaré,buba sangare,2,Lateral derecho,https://img.a.transfermarkt.technology/portrait/medium/962125-1739283835.jpg
Elche CF,Marc Aguado,marc aguado,8,Pivote,https://img.a.transfermarkt.technology/portrait/medium/531404-1709050897.jpg
Elche CF,Federico Redondo,federico redondo,5,Pivote,https://img.a.transfermarkt.technology/portrait/medium/909758-1740775355.jpg
Elche CF,Martim Neto,martim neto,16,Mediocentro,https://img.a.transfermarkt.technology/portrait/medium/549027-1737124895.jpg
Elche CF,Gonzalo Villar,gonzalo villar,12,Mediocentro,https://img.a.transfermarkt.technology/portrait/medium/398163-1611584180.jpg
Elche CF,Javi Morcillo,javi morcillo,47,Mediocentro,https://img.a.transfermarkt.technology/portrait/medium/1250522-1725605890.jpg
Elche CF,Facundo Buonanotte,facundo buonanotte,10,Mediocentro ofensivo,https://img.a.transfermarkt.technology/portrait/medium/983989-1682588141.jpg
Elche CF,Germán Valera,german valera,11,Extremo izquierdo,https://img.a.transfermarkt.technology/portrait/medium/548188-1588605205.jpg
Elche CF,Lucas Cepeda,lucas cepeda,21,Extremo izquierdo,https://img.a.transfermarkt.technology/portrait/medium/912392-1707516783.jpg
Elche CF,Tete Morente,tete morente,15,Extremo izquierdo,https://img.a.transfermarkt.technology/portrait/medium/339816-1730123532.jpg
Elche CF,Yago Santiago,yago santiago,7,Extremo izquierdo,https://img.a.transfermarkt.technology/portrait/medium/706947-1705304254.jpg
Elche CF,Rafa Núñez,rafa nunez,-,Extremo izquierdo,https://img.a.transfermarkt.technology/portrait/medium/589456-1629022489.jpg
Elche CF,Grady Diangana,grady diangana,19,Extremo derecho,https://img.a.transfermarkt.technology/portrait/medium/342048-1723555515.jpg
Elche CF,Josan,josan,17,Extremo derecho,https://img.a.transfermarkt.technology/portrait/medium/277533-1601023578.jpg
Elche CF,Adam Boayar,adam boayar,32,Mediapunta,
Elche CF,Ali Houary,ali houary,29,Mediapunta,
Elche CF,Ezequiel Ponce,ezequiel ponce,9,Delantero centro,https://img.a.transfermarkt.technology/portrait/medium/296783-1771689308.jpg
Elche CF,Fer Niño,fer nino,14,Delantero centro,https://img.a.transfermarkt.technology/portrait/medium/627294-1712140796.jpg
Elche CF,Abiel Osorio,abiel osorio,-,Delantero centro,https://img.a.transfermarkt.technology/portrait/medium/991773-1770650623.jpg
Valencia CF,Stole Dimitrievski,stole dimitrievski,1,Portero,https://img.a.transfermarkt.technology/portrait/medium/165467-1541150592.jpg
Valencia CF,Cristian Rivero,cristian rivero,13,Portero,https://img.a.transfermarkt.technology/portrait/medium/398131-1745337358.jpg
Valencia CF,César Tárrega,cesar tarrega,5,Defensa central,https://img.a.transfermarkt.technology/portrait/medium/707274-1698963222.jpg
Valencia CF,Justin de Haas,justin de haas,12,Defensa central,https://img.a.transfermarkt.technology/portrait/medium/420196-1605471356.jpg
Valencia CF,José Copete,jose copete,3,Defensa central,https://img.a.transfermarkt.technology/portrait/medium/520840-1674915512.JPG
Valencia CF,Mouctar Diakhaby,mouctar diakhaby,4,Defensa central,https://img.a.transfermarkt.technology/portrait/medium/346289-1709636432.jpg
Valencia CF,Iker Córdoba,iker cordoba,36,Defensa central,
Valencia CF,José Gayà,jose gaya,14,Lateral izquierdo,https://img.a.transfermarkt.technology/portrait/medium/221322-1605193468.jpg
Valencia CF,Jesús Vázquez,jesus vazquez,21,Lateral izquierdo,https://img.a.transfermarkt.technology/portrait/medium/623024-1644238446.jpg
Valencia CF,Pablo Maffeo,pablo maffeo,24,Lateral derecho,https://img.a.transfermarkt.technology/portrait/medium/251876-1784897141.png
Valencia CF,Dimitri Foulquier,dimitri foulquier,20,Lateral derecho,https://img.a.transfermarkt.technology/portrait/medium/170472-1447230887.jpg
Valencia CF,Pepelu,pepelu,18,Pivote,https://img.a.transfermarkt.technology/portrait/medium/328480-1713971066.jpg
Valencia CF,Guido Rodríguez,guido rodriguez,2,Pivote,https://img.a.transfermarkt.technology/portrait/medium/342385-1668181269.jpg
Valencia CF,Aliou Dieng,aliou dieng,15,Pivote,https://img.a.transfermarkt.technology/portrait/medium/410427-1615125228.jpg
Valencia CF,Javi Guerra,javi guerra,8,Mediocentro,https://img.a.transfermarkt.technology/portrait/medium/834764-1696188716.jpg
Valencia CF,Filip Ugrinic,filip ugrinic,23,Mediocentro,https://img.a.transfermarkt.technology/portrait/medium/394236-1700817304.png
Valencia CF,André Almeida,andre almeida,10,Mediocentro ofensivo,https://img.a.transfermarkt.technology/portrait/medium/375382-1547563680.png
Valencia CF,Arnaut Danjuma,arnaut danjuma,7,Extremo izquierdo,https://img.a.transfermarkt.technology/portrait/medium/355861-1674657323.jpg
Valencia CF,Ryunosuke Sato,ryunosuke sato,39,Extremo izquierdo,https://img.a.transfermarkt.technology/portrait/medium/948169-1772965432.JPG
Valencia CF,Sergi Canós,sergi canos,-,Extremo izquierdo,https://img.a.transfermarkt.technology/portrait/medium/251845-1538466933.jpg
Valencia CF,Diego López,diego lopez,16,Extremo derecho,https://img.a.transfermarkt.technology/portrait/medium/617081-1683211924.jpg
Valencia CF,Luis Rioja,luis rioja,11,Extremo derecho,https://img.a.transfermarkt.technology/portrait/medium/278837-1647530464.jpg
Valencia CF,Dani Raba,dani raba,19,Mediapunta,https://img.a.transfermarkt.technology/portrait/medium/413262-1743493611.jpg
Valencia CF,Hugo Duro,hugo duro,9,Delantero centro,https://img.a.transfermarkt.technology/portrait/medium/573775-1683213249.jpg
Valencia CF,Umar Sadiq,umar sadiq,6,Delantero centro,https://img.a.transfermarkt.technology/portrait/medium/337715-1728040426.jpg
Valencia CF,Alberto Marí,alberto mari,-,Delantero centro,https://img.a.transfermarkt.technology/portrait/medium/634105-1690382984.jpg
Málaga CF,Alfonso Herrero,alfonso herrero,1,Portero,https://img.a.transfermarkt.technology/portrait/medium/129478-1725618323.jpg
Málaga CF,Carlos López,carlos lopez,13,Portero,https://img.a.transfermarkt.technology/portrait/medium/1004298-1725883415.jpg
Málaga CF,Fernando Calero,fernando calero,20,Defensa central,https://img.a.transfermarkt.technology/portrait/medium/357884-1447238696.jpg
Málaga CF,Diego Murillo,diego murillo,16,Defensa central,https://img.a.transfermarkt.technology/portrait/medium/635930-1725883727.jpg
Málaga CF,Einar Galilea,einar galilea,4,Defensa central,https://img.a.transfermarkt.technology/portrait/medium/251046-1646598982.png
Málaga CF,Álex Pastor,alex pastor,5,Defensa central,https://img.a.transfermarkt.technology/portrait/medium/398056-1543829456.jpg
Málaga CF,Ángel Recio,angel recio,15,Defensa central,
Málaga CF,José Salinas,jose salinas,12,Lateral izquierdo,https://img.a.transfermarkt.technology/portrait/medium/819590-1744371555.jpg
Málaga CF,Dani Sánchez,dani sanchez,-,Lateral izquierdo,https://img.a.transfermarkt.technology/portrait/medium/622951-1725885408.jpg
Málaga CF,Rafita Garrido,rafita garrido,31,Lateral derecho,https://img.a.transfermarkt.technology/portrait/medium/1064717-1781548686.jpg
Málaga CF,Carlos Puga,carlos puga,3,Lateral derecho,https://img.a.transfermarkt.technology/portrait/medium/776703-1725885464.jpg
Málaga CF,Pablo Martínez,pablo martinez,18,Mediocentro,https://img.a.transfermarkt.technology/portrait/medium/568835-1632129599.jpg
Málaga CF,Izan Merino,izan merino,23,Mediocentro,https://img.a.transfermarkt.technology/portrait/medium/1078436-1725885589.jpg
Málaga CF,Carlos Dotor,carlos dotor,8,Mediocentro,https://img.a.transfermarkt.technology/portrait/medium/623524-1739477790.jpg
Málaga CF,Ramón Enríquez,ramon enriquez,6,Mediocentro,https://img.a.transfermarkt.technology/portrait/medium/567222-1591178705.jpg
Málaga CF,Pablo Arriaza,pablo arriaza,-,Mediocentro,
Málaga CF,Dani Lorenzo,dani lorenzo,22,Mediocentro ofensivo,https://img.a.transfermarkt.technology/portrait/medium/960562-1725885634.jpg
Málaga CF,Rafa Rodríguez,rafa rodriguez,14,Mediocentro ofensivo,https://img.a.transfermarkt.technology/portrait/medium/1057394-1762764856.jpg
Málaga CF,Aarón Ochoa,aaron ochoa,35,Mediocentro ofensivo,https://img.a.transfermarkt.technology/portrait/medium/1109577-1725885829.jpg
Málaga CF,Juan Cruz,juan cruz,19,Extremo izquierdo,https://img.a.transfermarkt.technology/portrait/medium/585700-1667290065.jpg
Málaga CF,Joaquín Muñoz,joaquin munoz,11,Extremo izquierdo,https://img.a.transfermarkt.technology/portrait/medium/396334-1710417120.png
Málaga CF,Julen Lobete,julen lobete,24,Extremo izquierdo,https://img.a.transfermarkt.technology/portrait/medium/625654-1633347659.jpg
Málaga CF,David Larrubia,david larrubia,10,Extremo derecho,https://img.a.transfermarkt.technology/portrait/medium/635939-1725885924.jpg
Málaga CF,Haitam Abaida,haitam abaida,7,Extremo derecho,https://img.a.transfermarkt.technology/portrait/medium/667996-1725886034.jpg
Málaga CF,Chupe,chupe,9,Delantero centro,https://img.a.transfermarkt.technology/portrait/medium/780817-1773830581.jpg
Málaga CF,Adrián Niño,adrian nino,21,Delantero centro,https://img.a.transfermarkt.technology/portrait/medium/926849-1731933033.jpg
Málaga CF,Eneko Jauregi,eneko jauregi,17,Delantero centro,https://img.a.transfermarkt.technology/portrait/medium/376589-1725617508.jpg
Rayo Vallecano,Augusto Batalla,augusto batalla,13,Portero,https://img.a.transfermarkt.technology/portrait/medium/275218-1775761484.jpg
Rayo Vallecano,Dani Cárdenas,dani cardenas,1,Portero,https://img.a.transfermarkt.technology/portrait/medium/397676-1663571879.jpg
Rayo Vallecano,Marash Kumbulla,marash kumbulla,3,Defensa central,https://img.a.transfermarkt.technology/portrait/medium/371371-1716969202.jpg
Rayo Vallecano,Luiz Felipe,luiz felipe,5,Defensa central,https://img.a.transfermarkt.technology/portrait/medium/457931-1595857216.jpg
Rayo Vallecano,Jozhua Vertrouwd,jozhua vertrouwd,33,Defensa central,https://img.a.transfermarkt.technology/portrait/medium/765467-1691072211.jpg
Rayo Vallecano,Florian Lejeune,florian lejeune,24,Defensa central,https://img.a.transfermarkt.technology/portrait/medium/127108-1496825998.jpg
Rayo Vallecano,Pelayo Fernández,pelayo fernandez,22,Defensa central,
Rayo Vallecano,Andrei Rațiu,andrei ratiu,2,Lateral derecho,https://img.a.transfermarkt.technology/portrait/medium/527966-1765462531.jpg
Rayo Vallecano,Iván Balliu,ivan balliu,20,Lateral derecho,https://img.a.transfermarkt.technology/portrait/medium/85295-1688119678.jpg
Rayo Vallecano,Pedro Díaz,pedro diaz,4,Mediocentro,https://img.a.transfermarkt.technology/portrait/medium/363057-1664207844.jpg
Rayo Vallecano,Unai López,unai lopez,17,Mediocentro,https://img.a.transfermarkt.technology/portrait/medium/192009-1726662500.jpg
Rayo Vallecano,Óscar Valentín,oscar valentin,23,Mediocentro,https://img.a.transfermarkt.technology/portrait/medium/517753-1765909833.jpg
Rayo Vallecano,Pathé Ciss,pathe ciss,6,Mediocentro,https://img.a.transfermarkt.technology/portrait/medium/525578-1775761248.jpg
Rayo Vallecano,Randy Nteka,randy nteka,11,Mediocentro ofensivo,https://img.a.transfermarkt.technology/portrait/medium/560483-1600680162.jpg
Rayo Vallecano,Giorgi Tsitaishvili,giorgi tsitaishvili,14,Extremo izquierdo,https://img.a.transfermarkt.technology/portrait/medium/419067-1742510704.jpg
Rayo Vallecano,Álvaro García,alvaro garcia,18,Extremo izquierdo,https://img.a.transfermarkt.technology/portrait/medium/257062-1762775114.jpg
Rayo Vallecano,Jorge de Frutos,jorge de frutos,19,Extremo derecho,https://img.a.transfermarkt.technology/portrait/medium/455181-1756820871.jpg
Rayo Vallecano,Fran Pérez,fran perez,21,Extremo derecho,https://img.a.transfermarkt.technology/portrait/medium/622988-1683212780.jpg
Rayo Vallecano,Isi Palazón,isi palazon,7,Mediapunta,https://img.a.transfermarkt.technology/portrait/medium/362086-1726662958.jpg
Rayo Vallecano,Alemão,alemao,9,Delantero centro,https://img.a.transfermarkt.technology/portrait/medium/560417-1775761327.jpg
Rayo Vallecano,Sergio Camello,sergio camello,10,Delantero centro,https://img.a.transfermarkt.technology/portrait/medium/505674-1775761676.jpg
Rayo Vallecano,Raúl de Tomás,raul de tomas,-,Delantero centro,https://img.a.transfermarkt.technology/portrait/medium/162038-1761864724.jpg
Rayo Vallecano,Etienne Eto'o,etienne eto o,-,Delantero centro,https://img.a.transfermarkt.technology/portrait/medium/707359-1732552521.jpg
RC Deportivo A Coruña,Leo Román,leo roman,13,Portero,https://img.a.transfermarkt.technology/portrait/medium/562742-1745395600.jpg
RC Deportivo A Coruña,Álvaro Ferllo,alvaro ferllo,25,Portero,https://img.a.transfermarkt.technology/portrait/medium/453704-1694431085.jpg
RC Deportivo A Coruña,Germán Parreño,german parreno,1,Portero,https://img.a.transfermarkt.technology/portrait/medium/126746-1447228190.jpg
RC Deportivo A Coruña,Eric Puerto,eric puerto,-,Portero,https://img.a.transfermarkt.technology/portrait/medium/786130-1700588718.jpg
RC Deportivo A Coruña,Lucas Noubi,lucas noubi,4,Defensa central,https://img.a.transfermarkt.technology/portrait/medium/743379-1663871275.jpg
RC Deportivo A Coruña,Dani Barcia,dani barcia,5,Defensa central,https://img.a.transfermarkt.technology/portrait/medium/857949-1702404739.jpg
RC Deportivo A Coruña,Bright Ede,bright ede,22,Defensa central,https://img.a.transfermarkt.technology/portrait/medium/1177033-1752826490.JPG
RC Deportivo A Coruña,Arnau Comas,arnau comas,3,Defensa central,https://img.a.transfermarkt.technology/portrait/medium/388542-1588012945.jpg
RC Deportivo A Coruña,Angeliño,angelino,24,Lateral izquierdo,https://img.a.transfermarkt.technology/portrait/medium/277179-1706626191.jpg
RC Deportivo A Coruña,Giacomo Quagliata,giacomo quagliata,12,Lateral izquierdo,https://img.a.transfermarkt.technology/portrait/medium/458777-1658899170.jpg
RC Deportivo A Coruña,Adrià Altimira,adria altimira,2,Lateral derecho,https://img.a.transfermarkt.technology/portrait/medium/466807-1761075979.jpg
RC Deportivo A Coruña,Miguel Loureiro,miguel loureiro,15,Lateral derecho,https://img.a.transfermarkt.technology/portrait/medium/400104-1694422710.jpg
RC Deportivo A Coruña,Ximo Navarro,ximo navarro,23,Lateral derecho,https://img.a.transfermarkt.technology/portrait/medium/184767-1647530854.jpg
RC Deportivo A Coruña,Lorenzo Amatucci,lorenzo amatucci,16,Pivote,https://img.a.transfermarkt.technology/portrait/medium/707450-1751270499.jpg
RC Deportivo A Coruña,Riki Rodríguez,riki rodriguez,14,Mediocentro,https://img.a.transfermarkt.technology/portrait/medium/596899-1745337795.jpg
RC Deportivo A Coruña,Diego Villares,diego villares,8,Mediocentro,https://img.a.transfermarkt.technology/portrait/medium/590687-1702404812.jpg
RC Deportivo A Coruña,Noé Carrillo,noe carrillo,37,Mediocentro,
RC Deportivo A Coruña,Teun Gijselhart,teun gijselhart,34,Mediocentro,https://img.a.transfermarkt.technology/portrait/medium/738477-1724750611.jpg
RC Deportivo A Coruña,Charlie Patiño,charlie patino,6,Mediocentro,https://img.a.transfermarkt.technology/portrait/medium/581674-1683023729.jpg
RC Deportivo A Coruña,José Ángel Jurado,jose angel jurado,20,Mediocentro,https://img.a.transfermarkt.technology/portrait/medium/187673-1702407781.jpg
RC Deportivo A Coruña,Mario Soriano,mario soriano,21,Mediocentro ofensivo,https://img.a.transfermarkt.technology/portrait/medium/568148-1724424505.jpg
RC Deportivo A Coruña,Jonathan Asp Jensen,jonathan asp jensen,18,Mediocentro ofensivo,https://img.a.transfermarkt.technology/portrait/medium/856274-1739807845.jpg
RC Deportivo A Coruña,Yeremay Hernández,yeremay hernandez,10,Extremo izquierdo,https://img.a.transfermarkt.technology/portrait/medium/636385-1762939146.jpg
RC Deportivo A Coruña,David Mella,david mella,11,Extremo derecho,https://img.a.transfermarkt.technology/portrait/medium/741256-1733934484.jpg
RC Deportivo A Coruña,Luismi Cruz,luismi cruz,19,Extremo derecho,https://img.a.transfermarkt.technology/portrait/medium/610461-1647594517.jpg
RC Deportivo A Coruña,Bil Nsongo,bil nsongo,31,Delantero centro,https://img.a.transfermarkt.technology/portrait/medium/1299392-1779655212.jpg
RC Deportivo A Coruña,Pierre-Emerick Aubameyang,pierre emerick aubameyang,7,Delantero centro,https://img.a.transfermarkt.technology/portrait/medium/58864-1762262625.jpg
RC Deportivo A Coruña,Zakaria Eddahchouri,zakaria eddahchouri,9,Delantero centro,https://img.a.transfermarkt.technology/portrait/medium/519651-1599332479.jpg
RC Deportivo A Coruña,Kevin Sánchez,kevin sanchez,-,Delantero centro,
Real Betis Balompié,Álvaro Valles,alvaro valles,1,Portero,https://img.a.transfermarkt.technology/portrait/medium/417913-1773343747.jpg
Real Betis Balompié,Diego Conde,diego conde,13,Portero,https://img.a.transfermarkt.technology/portrait/medium/341713-1669364743.jpg
Real Betis Balompié,Natan,natan,4,Defensa central,https://img.a.transfermarkt.technology/portrait/medium/735568-1708553167.jpg
Real Betis Balompié,Valentín Gómez,valentin gomez,16,Defensa central,https://img.a.transfermarkt.technology/portrait/medium/985383-1758783099.jpg
Real Betis Balompié,Diego Llorente,diego llorente,3,Defensa central,https://img.a.transfermarkt.technology/portrait/medium/246291-1675246130.jpg
Real Betis Balompié,Marc Bartra,marc bartra,5,Defensa central,https://img.a.transfermarkt.technology/portrait/medium/99922-1724053472.jpg
Real Betis Balompié,Fran García,fran garcia,11,Lateral izquierdo,https://img.a.transfermarkt.technology/portrait/medium/341264-1688119965.jpg
Real Betis Balompié,Junior Firpo,junior firpo,23,Lateral izquierdo,https://img.a.transfermarkt.technology/portrait/medium/374139-1724939835.jpg
Real Betis Balompié,Ángel Ortiz,angel ortiz,12,Lateral derecho,https://img.a.transfermarkt.technology/portrait/medium/933908-1758782759.jpg
Real Betis Balompié,Héctor Bellerín,hector bellerin,2,Lateral derecho,https://img.a.transfermarkt.technology/portrait/medium/191217-1773344002.jpg
Real Betis Balompié,Facundo Bernal,facundo bernal,6,Pivote,https://img.a.transfermarkt.technology/portrait/medium/898350-1721081696.jpg
Real Betis Balompié,Marc Roca,marc roca,21,Pivote,https://img.a.transfermarkt.technology/portrait/medium/336869-1773344159.jpg
Real Betis Balompié,Nelson Deossa,nelson deossa,18,Mediocentro,https://img.a.transfermarkt.technology/portrait/medium/907559-1693600752.JPG
Real Betis Balompié,Pablo Fornals,pablo fornals,8,Mediocentro,https://img.a.transfermarkt.technology/portrait/medium/357885-1773344365.jpg
Real Betis Balompié,Álvaro Fidalgo,alvaro fidalgo,15,Mediocentro,https://img.a.transfermarkt.technology/portrait/medium/261503-1773343851.jpg
Real Betis Balompié,Giovani Lo Celso,giovani lo celso,20,Mediocentro ofensivo,https://img.a.transfermarkt.technology/portrait/medium/348795-1726734706.jpg
Real Betis Balompié,Isco,isco,22,Mediocentro ofensivo,https://img.a.transfermarkt.technology/portrait/medium/85288-1744375744.jpg
Real Betis Balompié,Abde Ezzalzouli,abde ezzalzouli,10,Extremo izquierdo,https://img.a.transfermarkt.technology/portrait/medium/724520-1758782814.jpg
Real Betis Balompié,Rodrigo Riquelme,rodrigo riquelme,17,Extremo izquierdo,https://img.a.transfermarkt.technology/portrait/medium/461617-1701212385.jpg
Real Betis Balompié,Antony,antony,7,Extremo derecho,https://img.a.transfermarkt.technology/portrait/medium/602105-1758783018.jpg
Real Betis Balompié,Pablo García,pablo garcia,52,Extremo derecho,https://img.a.transfermarkt.technology/portrait/medium/961087-1750059859.jpg
Real Betis Balompié,Aitor Ruibal,aitor ruibal,24,Extremo derecho,https://img.a.transfermarkt.technology/portrait/medium/378139-1773344244.jpg
Real Betis Balompié,Iker Losada,iker losada,14,Mediapunta,https://img.a.transfermarkt.technology/portrait/medium/632741-1569337955.jpg
Real Betis Balompié,Troy Parrott,troy parrott,19,Delantero centro,https://img.a.transfermarkt.technology/portrait/medium/552655-1721657549.jpg
Real Betis Balompié,Cucho Hernández,cucho hernandez,9,Delantero centro,https://img.a.transfermarkt.technology/portrait/medium/459463-1773344529.jpg
Real Betis Balompié,Gonzalo Petit,gonzalo petit,-,Delantero centro,https://img.a.transfermarkt.technology/portrait/medium/997814-1719947885.png
Real Racing Club,Julen Agirrezabala,julen agirrezabala,13,Portero,https://img.a.transfermarkt.technology/portrait/medium/625014-1709674945.png
Real Racing Club,Simon Eriksson,simon eriksson,1,Portero,https://img.a.transfermarkt.technology/portrait/medium/1088712-1757615371.jpg
Real Racing Club,Facundo González,facundo gonzalez,16,Defensa central,https://img.a.transfermarkt.technology/portrait/medium/825199-1729850176.jpg
Real Racing Club,Pedro Felipe,pedro felipe,22,Defensa central,https://img.a.transfermarkt.technology/portrait/medium/1082581-1670983210.jpeg
Real Racing Club,Manu Hernando,manu hernando,4,Defensa central,https://img.a.transfermarkt.technology/portrait/medium/396161-1724514640.jpeg
Real Racing Club,Pablo Ramón,pablo ramon,5,Defensa central,https://img.a.transfermarkt.technology/portrait/medium/629511-1712568179.jpg
Real Racing Club,Jorge Salinas,jorge salinas,17,Lateral izquierdo,https://img.a.transfermarkt.technology/portrait/medium/1262996-1783511110.jpg
Real Racing Club,Álvaro Mantilla,alvaro mantilla,2,Lateral derecho,https://img.a.transfermarkt.technology/portrait/medium/636116-1652953291.jpg
Real Racing Club,Maguette Gueye,maguette gueye,14,Pivote,https://img.a.transfermarkt.technology/portrait/medium/933795-1779005844.jpg
Real Racing Club,Gustavo Puerta,gustavo puerta,8,Mediocentro,https://img.a.transfermarkt.technology/portrait/medium/936981-1695368256.jpg
Real Racing Club,Iván Martín,ivan martin,23,Mediocentro,https://img.a.transfermarkt.technology/portrait/medium/341278-1703177977.jpg
Real Racing Club,Sergio Martínez,sergio martinez,36,Mediocentro,https://img.a.transfermarkt.technology/portrait/medium/1393961-1764753165.jpg
Real Racing Club,Íñigo Sainz-Maza,inigo sainz maza,6,Mediocentro,https://img.a.transfermarkt.technology/portrait/medium/522730-1652944518.jpg
Real Racing Club,Sergio Canales,sergio canales,20,Mediocentro ofensivo,https://img.a.transfermarkt.technology/portrait/medium/66106-1653039158.jpg
Real Racing Club,Iñigo Vicente,inigo vicente,10,Extremo izquierdo,https://img.a.transfermarkt.technology/portrait/medium/335216-1711381338.jpg
Real Racing Club,Andrés Martín,andres martin,11,Extremo derecho,https://img.a.transfermarkt.technology/portrait/medium/531277-1744710284.jpg
Real Racing Club,Yassir Zabiri,yassir zabiri,21,Delantero centro,https://img.a.transfermarkt.technology/portrait/medium/1153105-1759431831.jpg
Real Racing Club,Giorgi Guliashvili,giorgi guliashvili,7,Delantero centro,https://img.a.transfermarkt.technology/portrait/medium/502682-1759082949.jpg
Real Racing Club,Asier Villalibre,asier villalibre,12,Delantero centro,https://img.a.transfermarkt.technology/portrait/medium/251897-1709676417.png
Real Racing Club,Juan Carlos Arana,juan carlos arana,9,Delantero centro,https://img.a.transfermarkt.technology/portrait/medium/461631-1767022242.jpg
RCD Espanyol,Marko Dmitrovic,marko dmitrovic,13,Portero,https://img.a.transfermarkt.technology/portrait/medium/94308-1669364494.jpg
RCD Espanyol,Ángel Fortuño,angel fortuno,1,Portero,https://img.a.transfermarkt.technology/portrait/medium/628487-1747339466.jpg
RCD Espanyol,Vanja Drkusic,vanja drkusic,16,Defensa central,https://img.a.transfermarkt.technology/portrait/medium/371856-1784994497.png
RCD Espanyol,Clemens Riedel,clemens riedel,5,Defensa central,https://img.a.transfermarkt.technology/portrait/medium/692070-1752059844.jpg
RCD Espanyol,Unai Núñez,unai nunez,14,Defensa central,https://img.a.transfermarkt.technology/portrait/medium/338285-1753679771.jpg
RCD Espanyol,Leandro Cabrera,leandro cabrera,6,Defensa central,https://img.a.transfermarkt.technology/portrait/medium/102423-1747343579.jpg
RCD Espanyol,Quilindschy Hartman,quilindschy hartman,3,Lateral izquierdo,https://img.a.transfermarkt.technology/portrait/medium/514285-1723820103.jpg
RCD Espanyol,Roger Hinojo,roger hinojo,21,Lateral izquierdo,https://img.a.transfermarkt.technology/portrait/medium/1204959-1761231615.jpg
RCD Espanyol,Omar El Hilali,omar el hilali,23,Lateral derecho,https://img.a.transfermarkt.technology/portrait/medium/822331-1683211692.jpg
RCD Espanyol,Rubén Sánchez,ruben sanchez,2,Lateral derecho,https://img.a.transfermarkt.technology/portrait/medium/705813-1661765132.jpg
RCD Espanyol,Urko González de Zárate,urko gonzalez de zarate,4,Pivote,https://img.a.transfermarkt.technology/portrait/medium/625651-1694171507.jpg
RCD Espanyol,Gabriel Moscardo,gabriel moscardo,20,Pivote,https://img.a.transfermarkt.technology/portrait/medium/1086636-1724752763.png
RCD Espanyol,Pol Lozano,pol lozano,10,Mediocentro,https://img.a.transfermarkt.technology/portrait/medium/412045-1568028635.jpg
RCD Espanyol,Edu Expósito,edu exposito,8,Mediocentro,https://img.a.transfermarkt.technology/portrait/medium/506248-1747385472.jpg
RCD Espanyol,Rafel Bauzà,rafel bauza,26,Mediocentro,
RCD Espanyol,Álex Calatrava,alex calatrava,22,Mediocentro ofensivo,https://img.a.transfermarkt.technology/portrait/medium/633111-1726738145.jpg
RCD Espanyol,Javi Hernández,javi hernandez,28,Mediocentro ofensivo,https://img.a.transfermarkt.technology/portrait/medium/946279-1725656260.png
RCD Espanyol,Javi Puado,javi puado,7,Extremo izquierdo,https://img.a.transfermarkt.technology/portrait/medium/408471-1698158226.jpg
RCD Espanyol,Pere Milla,pere milla,11,Extremo izquierdo,https://img.a.transfermarkt.technology/portrait/medium/225593-1541151194.jpg
RCD Espanyol,Tyrhys Dolan,tyrhys dolan,24,Extremo derecho,https://img.a.transfermarkt.technology/portrait/medium/647435-1679678061.jpg
RCD Espanyol,Jofre Carreras,jofre carreras,17,Extremo derecho,https://img.a.transfermarkt.technology/portrait/medium/628498-1747385604.jpg
RCD Espanyol,Roberto Fernández,roberto fernandez,9,Delantero centro,https://img.a.transfermarkt.technology/portrait/medium/720518-1732827310.jpg
RCD Espanyol,Marcos Fernández,marcos fernandez,18,Delantero centro,https://img.a.transfermarkt.technology/portrait/medium/961948-1782514405.jpg
RCD Espanyol,Kike García,kike garcia,19,Delantero centro,https://img.a.transfermarkt.technology/portrait/medium/93936-1490620015.jpg
CA Osasuna,Sergio Herrera,sergio herrera,1,Portero,https://img.a.transfermarkt.technology/portrait/medium/248738-1732220099.jpg
CA Osasuna,Aitor Fernández,aitor fernandez,13,Portero,https://img.a.transfermarkt.technology/portrait/medium/118997-1683281584.jpg
CA Osasuna,Enzo Boyomo,enzo boyomo,22,Defensa central,https://img.a.transfermarkt.technology/portrait/medium/541555-1728038860.jpg
CA Osasuna,Jorge Herrando,jorge herrando,5,Defensa central,https://img.a.transfermarkt.technology/portrait/medium/555500-1732219992.jpg
CA Osasuna,Alejandro Catena,alejandro catena,24,Defensa central,https://img.a.transfermarkt.technology/portrait/medium/449796-1732220159.jpg
CA Osasuna,Rockson Yeboah,rockson yeboah,-,Defensa central,https://img.a.transfermarkt.technology/portrait/medium/1149188-1783519538.jpg
CA Osasuna,Abel Bretones,abel bretones,23,Lateral izquierdo,https://img.a.transfermarkt.technology/portrait/medium/658115-1690301272.jpg
CA Osasuna,Diego Rico,diego rico,15,Lateral izquierdo,https://img.a.transfermarkt.technology/portrait/medium/249513-1697221474.jpg
CA Osasuna,Valentin Rosier,valentin rosier,19,Lateral derecho,https://img.a.transfermarkt.technology/portrait/medium/441170-1666619891.png
CA Osasuna,Iñigo Arguibide,inigo arguibide,41,Lateral derecho,https://img.a.transfermarkt.technology/portrait/medium/1065442-1700857321.png
CA Osasuna,Lucas Torró,lucas torro,6,Pivote,https://img.a.transfermarkt.technology/portrait/medium/213670-1732219931.jpg
CA Osasuna,Iker Muñoz,iker munoz,8,Pivote,https://img.a.transfermarkt.technology/portrait/medium/710677-1697557434.jpg
CA Osasuna,Jon Moncayola,jon moncayola,7,Mediocentro,https://img.a.transfermarkt.technology/portrait/medium/552425-1583310847.jpg
CA Osasuna,Asier Osambela,asier osambela,29,Mediocentro,https://img.a.transfermarkt.technology/portrait/medium/1038512-1700857716.png
CA Osasuna,Aimar Oroz,aimar oroz,10,Mediocentro ofensivo,https://img.a.transfermarkt.technology/portrait/medium/634131-1732220023.jpg
CA Osasuna,Moi Gómez,moi gomez,16,Mediocentro ofensivo,https://img.a.transfermarkt.technology/portrait/medium/175449-1664970613.jpg
CA Osasuna,Raúl Moro,raul moro,15,Extremo izquierdo,https://img.a.transfermarkt.technology/portrait/medium/624942-1750837010.jpg
CA Osasuna,Jonathan Dubasin,jonathan dubasin,21,Extremo derecho,https://img.a.transfermarkt.technology/portrait/medium/628621-1760543752.jpg
CA Osasuna,Rubén García,ruben garcia,14,Extremo derecho,https://img.a.transfermarkt.technology/portrait/medium/213260-1583310204.jpg
CA Osasuna,Kike Barja,kike barja,11,Extremo derecho,https://img.a.transfermarkt.technology/portrait/medium/298575-1583310743.jpg
CA Osasuna,Raúl García,raul garcia,9,Delantero centro,https://img.a.transfermarkt.technology/portrait/medium/631002-1614090749.jpg
CA Osasuna,Ante Budimir,ante budimir,17,Delantero centro,https://img.a.transfermarkt.technology/portrait/medium/46413-1732219707.jpg
Villarreal CF,Luiz Júnior,luiz junior,1,Portero,https://img.a.transfermarkt.technology/portrait/medium/712107-1758058969.jpg
Villarreal CF,Péter Gulácsi,peter gulacsi,25,Portero,https://img.a.transfermarkt.technology/portrait/medium/57071-1719214600.jpg
Villarreal CF,Rubén Gómez,ruben gomez,13,Portero,
Villarreal CF,Renato Veiga,renato veiga,12,Defensa central,https://img.a.transfermarkt.technology/portrait/medium/805714-1749414999.jpg
Villarreal CF,Logan Costa,logan costa,2,Defensa central,https://img.a.transfermarkt.technology/portrait/medium/484988-1708555203.jpg
Villarreal CF,Pau Navarro,pau navarro,6,Defensa central,https://img.a.transfermarkt.technology/portrait/medium/1061336-1734596703.jpg
Villarreal CF,Juan Foyth,juan foyth,8,Defensa central,https://img.a.transfermarkt.technology/portrait/medium/480763-1662668281.jpg
Villarreal CF,Willy Kambwala,willy kambwala,5,Defensa central,https://img.a.transfermarkt.technology/portrait/medium/780630-1743688107.jpg
Villarreal CF,Carlos Romero,carlos romero,20,Lateral izquierdo,https://img.a.transfermarkt.technology/portrait/medium/709372-1747385379.jpg
Villarreal CF,Sergi Cardona,sergi cardona,23,Lateral izquierdo,https://img.a.transfermarkt.technology/portrait/medium/678406-1697540707.jpg
Villarreal CF,Santiago Mouriño,santiago mourino,15,Lateral derecho,https://img.a.transfermarkt.technology/portrait/medium/953901-1691396102.jpg
Villarreal CF,Alex Freeman,alex freeman,3,Lateral derecho,https://img.a.transfermarkt.technology/portrait/medium/985806-1740780278.jpg
Villarreal CF,Pape Gueye,pape gueye,18,Mediocentro,https://img.a.transfermarkt.technology/portrait/medium/485963-1768814767.jpg
Villarreal CF,Santi Comesaña,santi comesana,14,Mediocentro,https://img.a.transfermarkt.technology/portrait/medium/380598-1726231263.jpg
Villarreal CF,Carlos Macià,carlos macia,26,Mediocentro,https://img.a.transfermarkt.technology/portrait/medium/1453066-1768693924.png
Villarreal CF,Alassane Diatta,alassane diatta,4,Mediocentro,https://img.a.transfermarkt.technology/portrait/medium/1249340-1769694931.jpg
Villarreal CF,Alberto Moleiro,alberto moleiro,10,Extremo izquierdo,https://img.a.transfermarkt.technology/portrait/medium/733576-1737365948.jpg
Villarreal CF,Ilias Akhomach,ilias akhomach,11,Extremo derecho,https://img.a.transfermarkt.technology/portrait/medium/709969-1636472170.jpg
Villarreal CF,Tajon Buchanan,tajon buchanan,17,Extremo derecho,https://img.a.transfermarkt.technology/portrait/medium/638793-1758059596.jpg
Villarreal CF,Nicolas Pépé,nicolas pepe,19,Extremo derecho,https://img.a.transfermarkt.technology/portrait/medium/343052-1758059244.jpg
Villarreal CF,Georges Mikautadze,georges mikautadze,9,Delantero centro,https://img.a.transfermarkt.technology/portrait/medium/729814-1719222514.jpg
Villarreal CF,Tani Oluwaseyi,tani oluwaseyi,21,Delantero centro,https://img.a.transfermarkt.technology/portrait/medium/972465-1758059359.jpg
Villarreal CF,Ayoze Pérez,ayoze perez,22,Delantero centro,https://img.a.transfermarkt.technology/portrait/medium/246968-1716803546.jpg
Villarreal CF,Gerard Moreno,gerard moreno,7,Delantero centro,https://img.a.transfermarkt.technology/portrait/medium/177467-1726231623.jpg
Real Sociedad,Álex Remiro,alex remiro,1,Portero,https://img.a.transfermarkt.technology/portrait/medium/212862-1694594210.jpg
Real Sociedad,Unai Marrero,unai marrero,13,Portero,https://img.a.transfermarkt.technology/portrait/medium/625657-1692370133.jpg
Real Sociedad,Jon Martín,jon martin,31,Defensa central,https://img.a.transfermarkt.technology/portrait/medium/1018938-1780664220.jpg
Real Sociedad,Igor Zubeldia,igor zubeldia,5,Defensa central,https://img.a.transfermarkt.technology/portrait/medium/355628-1664974849.jpg
Real Sociedad,Jon Pacheco,jon pacheco,16,Defensa central,https://img.a.transfermarkt.technology/portrait/medium/580560-1631178086.jpg
Real Sociedad,Sergio Gómez,sergio gomez,17,Lateral izquierdo,https://img.a.transfermarkt.technology/portrait/medium/366930-1727678534.jpg
Real Sociedad,Aihen Muñoz,aihen munoz,3,Lateral izquierdo,https://img.a.transfermarkt.technology/portrait/medium/517842-1699007158.jpg
Real Sociedad,Jon Aramburu,jon aramburu,2,Lateral derecho,https://img.a.transfermarkt.technology/portrait/medium/661145-1719915615.jpg
Real Sociedad,Álvaro Odriozola,alvaro odriozola,20,Lateral derecho,https://img.a.transfermarkt.technology/portrait/medium/280730-1579598607.jpg
Real Sociedad,Jon Gorrotxategi,jon gorrotxategi,4,Pivote,https://img.a.transfermarkt.technology/portrait/medium/711374-1727113195.jpg
Real Sociedad,Beñat Turrientes,benat turrientes,8,Mediocentro,https://img.a.transfermarkt.technology/portrait/medium/634431-1702416501.jpg
Real Sociedad,Luka Sucic,luka sucic,24,Mediocentro,https://img.a.transfermarkt.technology/portrait/medium/502722-1692998699.png
Real Sociedad,Carlos Soler,carlos soler,18,Mediocentro,https://img.a.transfermarkt.technology/portrait/medium/372246-1759159072.jpg
Real Sociedad,Yangel Herrera,yangel herrera,21,Mediocentro,https://img.a.transfermarkt.technology/portrait/medium/378293-1719230693.jpg
Real Sociedad,Arsen Zakharyan,arsen zakharyan,23,Mediocentro ofensivo,https://img.a.transfermarkt.technology/portrait/medium/555143-1683292149.jpg
Real Sociedad,Pablo Marín,pablo marin,15,Mediocentro ofensivo,https://img.a.transfermarkt.technology/portrait/medium/907813-1683212131.jpg
Real Sociedad,Mikel Goti,mikel goti,22,Mediocentro ofensivo,https://img.a.transfermarkt.technology/portrait/medium/709215-1732795497.png
Real Sociedad,Ander Barrenetxea,ander barrenetxea,7,Extremo izquierdo,https://img.a.transfermarkt.technology/portrait/medium/616369-1699472801.jpg
Real Sociedad,Gonçalo Guedes,goncalo guedes,11,Extremo izquierdo,https://img.a.transfermarkt.technology/portrait/medium/225122-1701334424.jpg
Real Sociedad,Takefusa Kubo,takefusa kubo,14,Extremo derecho,https://img.a.transfermarkt.technology/portrait/medium/405398-1697110254.jpg
Real Sociedad,Job Ochieng,job ochieng,12,Extremo derecho,https://img.a.transfermarkt.technology/portrait/medium/1105810-1732795774.png
Real Sociedad,Mikel Oyarzabal,mikel oyarzabal,10,Delantero centro,https://img.a.transfermarkt.technology/portrait/medium/351478-1749415304.jpg
Real Sociedad,Orri Óskarsson,orri oskarsson,9,Delantero centro,https://img.a.transfermarkt.technology/portrait/medium/660438-1692090952.jpg
Real Sociedad,Jon Karrikaburu,jon karrikaburu,19,Delantero centro,https://img.a.transfermarkt.technology/portrait/medium/711382-1692368413.jpg
Sevilla FC,Odysseas Vlachodimos,odysseas vlachodimos,1,Portero,https://img.a.transfermarkt.technology/portrait/medium/124419-1706829687.jpg
Sevilla FC,Fran González,fran gonzalez,13,Portero,https://img.a.transfermarkt.technology/portrait/medium/1055220-1704358404.jpg
Sevilla FC,Kike Salas,kike salas,4,Defensa central,https://img.a.transfermarkt.technology/portrait/medium/766583-1736865960.jpg
Sevilla FC,Arouna Sangante,arouna sangante,12,Defensa central,https://img.a.transfermarkt.technology/portrait/medium/768380-1738244271.jpg
Sevilla FC,Andrés Castrín,andres castrin,5,Defensa central,
Sevilla FC,Marcão,marcao,23,Defensa central,https://img.a.transfermarkt.technology/portrait/medium/439022-1681476532.jpg
Sevilla FC,Fábio Cardoso,fabio cardoso,15,Defensa central,https://img.a.transfermarkt.technology/portrait/medium/155025-1736318779.JPG
Sevilla FC,Gabriel Suazo,gabriel suazo,17,Lateral izquierdo,https://img.a.transfermarkt.technology/portrait/medium/385105-1752224979.jpg
Sevilla FC,Adrià Pedrosa,adria pedrosa,-,Lateral izquierdo,https://img.a.transfermarkt.technology/portrait/medium/501418-1583506190.jpg
Sevilla FC,Julio Díaz,julio diaz,3,Lateral izquierdo,https://img.a.transfermarkt.technology/portrait/medium/945753-1731932642.jpg
Sevilla FC,José Ángel Carmona,jose angel carmona,22,Lateral derecho,https://img.a.transfermarkt.technology/portrait/medium/711625-1696862897.jpg
Sevilla FC,Juan Iglesias,juan iglesias,2,Lateral derecho,https://img.a.transfermarkt.technology/portrait/medium/390688-1632295269.jpg
Sevilla FC,Lucien Agoumé,lucien agoume,6,Pivote,https://img.a.transfermarkt.technology/portrait/medium/569384-1656577561.jpg
Sevilla FC,Giorgi Kochorashvili,giorgi kochorashvili,8,Mediocentro,https://img.a.transfermarkt.technology/portrait/medium/405564-1759133137.jpg
Sevilla FC,Jon Guridi,jon guridi,18,Mediocentro,https://img.a.transfermarkt.technology/portrait/medium/289257-1604301765.jpg
Sevilla FC,Manu Bueno,manu bueno,28,Mediocentro,https://img.a.transfermarkt.technology/portrait/medium/766723-1702412015.jpg
Sevilla FC,Nico Guillén,nico guillen,27,Mediocentro,https://img.a.transfermarkt.technology/portrait/medium/1236856-1771593050.jpg
Sevilla FC,Rubén Vargas,ruben vargas,11,Extremo izquierdo,https://img.a.transfermarkt.technology/portrait/medium/345886-1779793578.jpg
Sevilla FC,Oso,oso,19,Extremo izquierdo,https://img.a.transfermarkt.technology/portrait/medium/1032280-1774905283.jpg
Sevilla FC,Chidera Ejuke,chidera ejuke,21,Extremo izquierdo,https://img.a.transfermarkt.technology/portrait/medium/500067-1706264992.jpg
Sevilla FC,Alfon González,alfon gonzalez,7,Extremo izquierdo,https://img.a.transfermarkt.technology/portrait/medium/357628-1734950388.jpg
Sevilla FC,Miguel Sierra,miguel sierra,30,Extremo derecho,https://img.a.transfermarkt.technology/portrait/medium/1064105-1700522312.png
Sevilla FC,Peque Fernández,peque fernandez,10,Mediapunta,https://img.a.transfermarkt.technology/portrait/medium/639733-1615192753.jpg
Sevilla FC,Robbie Ure,robbie ure,9,Delantero centro,https://img.a.transfermarkt.technology/portrait/medium/783373-1696835614.jpg
Sevilla FC,Isaac Romero,isaac romero,16,Delantero centro,https://img.a.transfermarkt.technology/portrait/medium/687609-1762342231.jpg
Deportivo Alavés,Antonio Sivera,antonio sivera,1,Portero,https://img.a.transfermarkt.technology/portrait/medium/298197-1713856039.jpg
Deportivo Alavés,Jesús Owono,jesus owono,-,Portero,https://img.a.transfermarkt.technology/portrait/medium/631693-1767009098.jpg
Deportivo Alavés,Adrián Rodríguez,adrian rodriguez,13,Portero,https://img.a.transfermarkt.technology/portrait/medium/608382-1779142396.jpg
Deportivo Alavés,Nicolás Valentini,nicolas valentini,2,Defensa central,https://img.a.transfermarkt.technology/portrait/medium/860992-1711028718.jpg
Deportivo Alavés,Ville Koski,ville koski,16,Defensa central,https://img.a.transfermarkt.technology/portrait/medium/581326-1768659999.jpg
Deportivo Alavés,Facundo Garcés,facundo garces,5,Defensa central,https://img.a.transfermarkt.technology/portrait/medium/533354-1633539030.JPG
Deportivo Alavés,Youssef Enríquez,youssef enriquez,3,Lateral izquierdo,https://img.a.transfermarkt.technology/portrait/medium/741289-1733863618.jpg
Deportivo Alavés,Nahuel Tenaglia,nahuel tenaglia,14,Lateral derecho,https://img.a.transfermarkt.technology/portrait/medium/533568-1647530141.jpg
Deportivo Alavés,Jonny Otto,jonny otto,17,Lateral derecho,https://img.a.transfermarkt.technology/portrait/medium/175446-1727967204.png
Deportivo Alavés,Hugo Novoa,hugo novoa,12,Lateral derecho,https://img.a.transfermarkt.technology/portrait/medium/668276-1606146927.jpg
Deportivo Alavés,Antonio Blanco,antonio blanco,8,Pivote,https://img.a.transfermarkt.technology/portrait/medium/495621-1705337231.jpg
Deportivo Alavés,Carlos Protesoni,carlos protesoni,23,Pivote,https://img.a.transfermarkt.technology/portrait/medium/431190-1635923163.JPG
Deportivo Alavés,Tomás Mendes,tomas mendes,-,Pivote,
Deportivo Alavés,Pablo Ibáñez,pablo ibanez,19,Mediocentro,https://img.a.transfermarkt.technology/portrait/medium/785353-1680676751.jpg
Deportivo Alavés,Carles Aleñá,carles alena,10,Mediocentro,https://img.a.transfermarkt.technology/portrait/medium/284854-1669364902.jpg
Deportivo Alavés,Ander Guevara,ander guevara,6,Mediocentro,https://img.a.transfermarkt.technology/portrait/medium/465967-1705338008.jpg
Deportivo Alavés,Mikel Rodriguez,mikel rodriguez,18,Mediocentro,https://img.a.transfermarkt.technology/portrait/medium/721660-1732795452.PNG
Deportivo Alavés,Selu Diallo,selu diallo,-,Mediocentro,https://img.a.transfermarkt.technology/portrait/medium/1054931-1731932772.jpg
Deportivo Alavés,Denis Suárez,denis suarez,4,Mediocentro ofensivo,https://img.a.transfermarkt.technology/portrait/medium/165007-1687272769.jpg
Deportivo Alavés,Abde Rebbach,abde rebbach,21,Extremo izquierdo,https://img.a.transfermarkt.technology/portrait/medium/718034-1705337308.jpg
Deportivo Alavés,Miguel Rodríguez,miguel rodriguez,22,Extremo derecho,https://img.a.transfermarkt.technology/portrait/medium/634427-1723460737.jpg
Deportivo Alavés,Ángel Pérez,angel perez,7,Extremo derecho,https://img.a.transfermarkt.technology/portrait/medium/1124136-1757571837.png
Deportivo Alavés,Toni Martínez,toni martinez,11,Delantero centro,https://img.a.transfermarkt.technology/portrait/medium/302371-1606396665.png
Deportivo Alavés,Lucas Boyé,lucas boye,15,Delantero centro,https://img.a.transfermarkt.technology/portrait/medium/334222-1734010923.jpg
Deportivo Alavés,Aitor Mañas,aitor manas,20,Delantero centro,
Deportivo Alavés,Mariano Díaz,mariano diaz,9,Delantero centro,https://img.a.transfermarkt.technology/portrait/medium/225020-1684487196.jpg
Getafe CF,David Soria,david soria,13,Portero,https://img.a.transfermarkt.technology/portrait/medium/226012-1696863038.jpg
Getafe CF,Jiri Letacek,jiri letacek,1,Portero,https://img.a.transfermarkt.technology/portrait/medium/339079-1714922207.jpg
Getafe CF,Abdel Abqar,abdel abqar,5,Defensa central,https://img.a.transfermarkt.technology/portrait/medium/559979-1705337125.jpg
Getafe CF,Zaid Romero,zaid romero,24,Defensa central,https://img.a.transfermarkt.technology/portrait/medium/741142-1753180256.jpg
Getafe CF,Sebastián Boselli,sebastian boselli,15,Defensa central,https://img.a.transfermarkt.technology/portrait/medium/898352-1739826537.jpg
Getafe CF,Juan Berrocal,juan berrocal,20,Defensa central,https://img.a.transfermarkt.technology/portrait/medium/461843-1771527114.jpg
Getafe CF,Dakonam Djené,dakonam djene,2,Defensa central,https://img.a.transfermarkt.technology/portrait/medium/221150-1669364811.jpg
Getafe CF,Saba Sazonov,saba sazonov,4,Defensa central,https://img.a.transfermarkt.technology/portrait/medium/655456-1695386095.jpg
Getafe CF,Jean Ives Valou,jean ives valou,26,Defensa central,
Getafe CF,Johan Mojica,johan mojica,22,Lateral izquierdo,https://img.a.transfermarkt.technology/portrait/medium/262939-1541161893.jpg
Getafe CF,Davinchi,davinchi,3,Lateral izquierdo,https://img.a.transfermarkt.technology/portrait/medium/1268764-1732577167.jpg
Getafe CF,Andrés García,andres garcia,21,Lateral derecho,https://img.a.transfermarkt.technology/portrait/medium/1063329-1698880585.jpg
Getafe CF,Kiko Femenía,kiko femenia,17,Lateral derecho,https://img.a.transfermarkt.technology/portrait/medium/76467-1726231817.jpg
Getafe CF,Ismael Bekhoucha,ismael bekhoucha,31,Lateral derecho,https://img.a.transfermarkt.technology/portrait/medium/1164331-1732134880.png
Getafe CF,Mario Martín,mario martin,6,Pivote,https://img.a.transfermarkt.technology/portrait/medium/948273-1707861820.jpg
Getafe CF,Orel Mangala,orel mangala,23,Pivote,https://img.a.transfermarkt.technology/portrait/medium/289592-1657181518.jpg
Getafe CF,Yvan Neyou,yvan neyou,16,Pivote,https://img.a.transfermarkt.technology/portrait/medium/469669-1703762516.jpg
Getafe CF,Ramón Terrats,ramon terrats,11,Mediocentro,https://img.a.transfermarkt.technology/portrait/medium/783396-1726231968.jpg
Getafe CF,Francho Serrano,francho serrano,16,Mediocentro,https://img.a.transfermarkt.technology/portrait/medium/632930-1732368027.jpg
Getafe CF,Javi Muñoz,javi munoz,14,Mediocentro,https://img.a.transfermarkt.technology/portrait/medium/282421-1698852390.jpg
Getafe CF,Juanmi,juanmi,7,Extremo izquierdo,https://img.a.transfermarkt.technology/portrait/medium/126737-1653043231.jpg
Getafe CF,Álex Sancris,alex sancris,18,Extremo derecho,https://img.a.transfermarkt.technology/portrait/medium/560705-1712139769.jpg
Getafe CF,Christantus Uche,christantus uche,-,Delantero centro,https://img.a.transfermarkt.technology/portrait/medium/1124005-1748855413.jpg
Getafe CF,Martín Satriano,martin satriano,10,Delantero centro,https://img.a.transfermarkt.technology/portrait/medium/640109-1626685122.jpg
Getafe CF,Enes Ünal,enes unal,19,Delantero centro,https://img.a.transfermarkt.technology/portrait/medium/251106-1669365680.jpg
Getafe CF,Borja Mayoral,borja mayoral,9,Delantero centro,https://img.a.transfermarkt.technology/portrait/medium/298976-1669365430.jpg
Atlético de Madrid,Jan Oblak,jan oblak,13,Portero,https://img.a.transfermarkt.technology/portrait/medium/121483-1719350076.jpg
Atlético de Madrid,Juan Musso,juan musso,1,Portero,https://img.a.transfermarkt.technology/portrait/medium/242359-1663583047.jpg
Atlético de Madrid,Cristian Romero,cristian romero,21,Defensa central,https://img.a.transfermarkt.technology/portrait/medium/355915-1665609429.jpg
Atlético de Madrid,Dávid Hancko,david hancko,17,Defensa central,https://img.a.transfermarkt.technology/portrait/medium/404418-1722415670.jpg
Atlético de Madrid,Marc Pubill,marc pubill,18,Defensa central,https://img.a.transfermarkt.technology/portrait/medium/844637-1779789749.jpg
Atlético de Madrid,Robin Le Normand,robin le normand,24,Defensa central,https://img.a.transfermarkt.technology/portrait/medium/351809-1707948228.jpg
Atlético de Madrid,José María Giménez,jose maria gimenez,2,Defensa central,https://img.a.transfermarkt.technology/portrait/medium/250845-1664970029.jpg
Atlético de Madrid,Dani Martinez,dani martinez,30,Defensa central,https://img.a.transfermarkt.technology/portrait/medium/945763-1731932569.jpg
Atlético de Madrid,Jorge Domínguez,jorge dominguez,27,Defensa central,https://img.a.transfermarkt.technology/portrait/medium/1460961-1771541726.jpg
Atlético de Madrid,Alejandro Grimaldo,alejandro grimaldo,22,Lateral izquierdo,https://img.a.transfermarkt.technology/portrait/medium/193082-1689710805.jpg
Atlético de Madrid,Marcos Llorente,marcos llorente,14,Lateral derecho,https://img.a.transfermarkt.technology/portrait/medium/282411-1773182531.jpg
Atlético de Madrid,Morten Hjulmand,morten hjulmand,23,Pivote,https://img.a.transfermarkt.technology/portrait/medium/461496-1725633200.jpg
Atlético de Madrid,Pablo Barrios,pablo barrios,8,Mediocentro,https://img.a.transfermarkt.technology/portrait/medium/775605-1699431384.jpg
Atlético de Madrid,Rodrigo Mendoza,rodrigo mendoza,4,Mediocentro,https://img.a.transfermarkt.technology/portrait/medium/961297-1765462791.jpg
Atlético de Madrid,Johnny Cardoso,johnny cardoso,5,Mediocentro,https://img.a.transfermarkt.technology/portrait/medium/689505-1742036970.jpg
Atlético de Madrid,Obed Vargas,obed vargas,3,Mediocentro,https://img.a.transfermarkt.technology/portrait/medium/889435-1740863407.jpg
Atlético de Madrid,Koke,koke,6,Mediocentro,https://img.a.transfermarkt.technology/portrait/medium/74229-1664970397.jpg
Atlético de Madrid,Kang-in Lee,kang in lee,7,Mediocentro ofensivo,https://img.a.transfermarkt.technology/portrait/medium/557149-1703978046.jpg
Atlético de Madrid,Thomas Lemar,thomas lemar,15,Mediocentro ofensivo,https://img.a.transfermarkt.technology/portrait/medium/205562-1686662075.jpg
Atlético de Madrid,Álex Baena,alex baena,10,Extremo izquierdo,https://img.a.transfermarkt.technology/portrait/medium/548111-1761821030.jpg
Atlético de Madrid,Ademola Lookman,ademola lookman,11,Extremo izquierdo,https://img.a.transfermarkt.technology/portrait/medium/406040-1769763751.jpg
Atlético de Madrid,Carlos Martín,carlos martin,12,Extremo izquierdo,https://img.a.transfermarkt.technology/portrait/medium/618813-1707924109.jpg
Atlético de Madrid,Arnau Ortiz,arnau ortiz,16,Extremo izquierdo,https://img.a.transfermarkt.technology/portrait/medium/802046-1721153036.jpg
Atlético de Madrid,Giuliano Simeone,giuliano simeone,20,Extremo derecho,https://img.a.transfermarkt.technology/portrait/medium/742201-1741120599.jpg
Atlético de Madrid,Julián Alvarez,julian alvarez,19,Delantero centro,https://img.a.transfermarkt.technology/portrait/medium/576024-1684920938.jpg
Atlético de Madrid,Alexander Sørloth,alexander s rloth,9,Delantero centro,https://img.a.transfermarkt.technology/portrait/medium/238407-1716403969.jpg
Levante UD,Mathew Ryan,mathew ryan,13,Portero,https://img.a.transfermarkt.technology/portrait/medium/128969-1668505563.jpg
Levante UD,Pablo Campos,pablo campos,1,Portero,https://img.a.transfermarkt.technology/portrait/medium/617059-1742981909.jpg
Levante UD,Dani Martín,dani martin,-,Portero,https://img.a.transfermarkt.technology/portrait/medium/1099061-1757572361.png
Levante UD,Álex Primo,alex primo,-,Portero,
Levante UD,Adrián Dela,adrian dela,4,Defensa central,https://img.a.transfermarkt.technology/portrait/medium/341263-1698879765.jpg
Levante UD,Ifeanyi Ndukwe,ifeanyi ndukwe,-,Defensa central,https://img.a.transfermarkt.technology/portrait/medium/1167696-1763036837.jpg
Levante UD,Aïssa Mandi,aissa mandi,2,Defensa central,https://img.a.transfermarkt.technology/portrait/medium/80293-1780325909.jpg
Levante UD,Jorge Cabello,jorge cabello,14,Defensa central,https://img.a.transfermarkt.technology/portrait/medium/1063333-1726053748.jpg
Levante UD,Manu Sánchez,manu sanchez,23,Lateral izquierdo,https://img.a.transfermarkt.technology/portrait/medium/618809-1673281847.jpg
Levante UD,Marc Santos,marc santos,33,Lateral izquierdo,
Levante UD,Jeremy Toljan,jeremy toljan,22,Lateral derecho,https://img.a.transfermarkt.technology/portrait/medium/129674-1692277806.jpg
Levante UD,Xavi Grande,xavi grande,-,Lateral derecho,https://img.a.transfermarkt.technology/portrait/medium/947115-1763323926.jpg
Levante UD,Nacho Pérez,nacho perez,29,Lateral derecho,https://img.a.transfermarkt.technology/portrait/medium/1371830-1783119841.jpg
Levante UD,Oriol Rey,oriol rey,20,Pivote,https://img.a.transfermarkt.technology/portrait/medium/293388-1726053851.jpg
Levante UD,Enzo Bardeli,enzo bardeli,18,Mediocentro,https://img.a.transfermarkt.technology/portrait/medium/707222-1778861802.jpg
Levante UD,Hugo Sotelo,hugo sotelo,5,Mediocentro,https://img.a.transfermarkt.technology/portrait/medium/892221-1758827715.jpg
Levante UD,Jon Ander Olasagasti,jon ander olasagasti,8,Mediocentro,https://img.a.transfermarkt.technology/portrait/medium/625660-1695238891.jpg
Levante UD,Dani Requena,dani requena,6,Mediocentro,https://img.a.transfermarkt.technology/portrait/medium/945709-1784305242.jpg
Levante UD,Carlos Álvarez,carlos alvarez,10,Mediocentro ofensivo,https://img.a.transfermarkt.technology/portrait/medium/668179-1726053882.jpg
Levante UD,Thiago Fernández,thiago fernandez,24,Extremo izquierdo,https://img.a.transfermarkt.technology/portrait/medium/1127730-1720647640.jpg
Levante UD,Roger Brugué,roger brugue,7,Extremo izquierdo,https://img.a.transfermarkt.technology/portrait/medium/557057-1701787446.jpg
Levante UD,Paco Cortés,paco cortes,27,Extremo izquierdo,https://img.a.transfermarkt.technology/portrait/medium/1232057-1761232668.jpg
Levante UD,Kareem Tunde,kareem tunde,19,Extremo derecho,
Levante UD,Víctor García,victor garcia,17,Extremo derecho,https://img.a.transfermarkt.technology/portrait/medium/590690-1702510605.png
Levante UD,Tay Abed,tay abed,55,Extremo derecho,https://img.a.transfermarkt.technology/portrait/medium/921345-1752587415.jpg
Levante UD,Karl Etta Eyong,karl etta eyong,21,Delantero centro,https://img.a.transfermarkt.technology/portrait/medium/1038950-1759409401.jpg
Levante UD,Iván Romero,ivan romero,9,Delantero centro,https://img.a.transfermarkt.technology/portrait/medium/628886-1756192561.jpg
Levante UD,Yanis Musuayi,yanis musuayi,11,Delantero centro,https://img.a.transfermarkt.technology/portrait/medium/1299566-1729177185.jpg
FC Barcelona,Joan García,joan garcia,1,Portero,https://img.a.transfermarkt.technology/portrait/medium/561613-1747386081.jpg
FC Barcelona,Wojciech Szczęsny,wojciech szczesny,13,Portero,https://img.a.transfermarkt.technology/portrait/medium/44058-1744278078.jpg
FC Barcelona,Pau Cubarsí,pau cubarsi,5,Defensa central,https://img.a.transfermarkt.technology/portrait/medium/962110-1712779232.jpg
FC Barcelona,Eric García,eric garcia,24,Defensa central,https://img.a.transfermarkt.technology/portrait/medium/466794-1693604801.jpg
FC Barcelona,Gerard Martín,gerard martin,18,Defensa central,https://img.a.transfermarkt.technology/portrait/medium/705395-1730119053.jpg
FC Barcelona,Andreas Christensen,andreas christensen,15,Defensa central,https://img.a.transfermarkt.technology/portrait/medium/196948-1668183241.jpg
FC Barcelona,Álvaro Cortés,alvaro cortes,26,Defensa central,https://img.a.transfermarkt.technology/portrait/medium/924610-1759223668.jpg
FC Barcelona,Alejandro Balde,alejandro balde,3,Lateral izquierdo,https://img.a.transfermarkt.technology/portrait/medium/636688-1662836200.jpg
FC Barcelona,Jules Koundé,jules kounde,23,Lateral derecho,https://img.a.transfermarkt.technology/portrait/medium/411975-1702502639.jpg
FC Barcelona,Héctor Fort,hector fort,12,Lateral derecho,https://img.a.transfermarkt.technology/portrait/medium/937955-1702504973.jpg
FC Barcelona,João Cancelo,joao cancelo,2,Lateral derecho,https://img.a.transfermarkt.technology/portrait/medium/182712-1675080937.jpg
FC Barcelona,Xavi Espart,xavi espart,36,Lateral derecho,https://img.a.transfermarkt.technology/portrait/medium/1018912-1768246502.jpg
FC Barcelona,Rodri,rodri,16,Pivote,https://img.a.transfermarkt.technology/portrait/medium/357565-1682587890.jpg
FC Barcelona,Marc Bernal,marc bernal,22,Pivote,https://img.a.transfermarkt.technology/portrait/medium/1018920-1724052540.jpg
FC Barcelona,Marc Casadó,marc casado,-,Pivote,https://img.a.transfermarkt.technology/portrait/medium/636695-1729771427.jpg
FC Barcelona,Pedri,pedri,8,Mediocentro,https://img.a.transfermarkt.technology/portrait/medium/683840-1744278342.jpg
FC Barcelona,Frenkie de Jong,frenkie de jong,21,Mediocentro,https://img.a.transfermarkt.technology/portrait/medium/326330-1746041680.jpg
FC Barcelona,Gavi,gavi,6,Mediocentro,https://img.a.transfermarkt.technology/portrait/medium/646740-1682685701.jpg
FC Barcelona,Guille Fernández,guille fernandez,-,Mediocentro,https://img.a.transfermarkt.technology/portrait/medium/1050120-1699372635.jpg
FC Barcelona,Brian Fariñas,brian farinas,28,Mediocentro,https://img.a.transfermarkt.technology/portrait/medium/938154-1787555540.jpg
FC Barcelona,Fermín López,fermin lopez,7,Mediocentro ofensivo,https://img.a.transfermarkt.technology/portrait/medium/636703-1698086824.jpg
FC Barcelona,Dani Olmo,dani olmo,20,Mediocentro ofensivo,https://img.a.transfermarkt.technology/portrait/medium/293385-1780663091.jpg
FC Barcelona,Toni Fernández,toni fernandez,-,Mediocentro ofensivo,https://img.a.transfermarkt.technology/portrait/medium/1066206-1761737036.jpg
FC Barcelona,Anthony Gordon,anthony gordon,17,Extremo izquierdo,https://img.a.transfermarkt.technology/portrait/medium/503733-1761080304.jpg
FC Barcelona,Raphinha,raphinha,11,Extremo izquierdo,https://img.a.transfermarkt.technology/portrait/medium/411295-1729754479.png
FC Barcelona,Jesse Bisiwu,jesse bisiwu,27,Extremo izquierdo,https://img.a.transfermarkt.technology/portrait/medium/1105549-1692211505.jpg
FC Barcelona,Lamine Yamal,lamine yamal,10,Extremo derecho,https://img.a.transfermarkt.technology/portrait/medium/937958-1773173768.jpg
FC Barcelona,Karim Adeyemi,karim adeyemi,14,Extremo derecho,https://img.a.transfermarkt.technology/portrait/medium/496094-1712859708.jpg
FC Barcelona,Roony Bardghji,roony bardghji,-,Extremo derecho,https://img.a.transfermarkt.technology/portrait/medium/792331-1667420074.jpg
FC Barcelona,Hamza Abdelkarim,hamza abdelkarim,29,Delantero centro,https://img.a.transfermarkt.technology/portrait/medium/1259085-1780899447.jpg
RC Celta de Vigo,Ionuț Radu,ionut radu,13,Portero,https://img.a.transfermarkt.technology/portrait/medium/303657-1699432718.jpg
RC Celta de Vigo,Altay Bayındır,altay bay nd r,1,Portero,https://img.a.transfermarkt.technology/portrait/medium/336077-1781173656.jpg
RC Celta de Vigo,Iván Villar,ivan villar,25,Portero,https://img.a.transfermarkt.technology/portrait/medium/297194-1516876837.jpg
RC Celta de Vigo,Javi Rodríguez,javi rodriguez,20,Defensa central,https://img.a.transfermarkt.technology/portrait/medium/1076815-1732611843.jpg
RC Celta de Vigo,Carl Starfelt,carl starfelt,2,Defensa central,https://img.a.transfermarkt.technology/portrait/medium/258987-1758827268.jpg
RC Celta de Vigo,Abdoulaye Faye,abdoulaye faye,4,Defensa central,https://img.a.transfermarkt.technology/portrait/medium/1182738-1695367426.jpg
RC Celta de Vigo,Yoel Lago,yoel lago,29,Defensa central,https://img.a.transfermarkt.technology/portrait/medium/939374-1758827211.jpg
RC Celta de Vigo,Marcos Alonso,marcos alonso,3,Defensa central,https://img.a.transfermarkt.technology/portrait/medium/112515-1694505734.jpg
RC Celta de Vigo,Javi Galán,javi galan,22,Lateral izquierdo,https://img.a.transfermarkt.technology/portrait/medium/448628-1706112804.jpg
RC Celta de Vigo,Sergio Carreira,sergio carreira,5,Lateral derecho,https://img.a.transfermarkt.technology/portrait/medium/545647-1773950983.jpg
RC Celta de Vigo,Javi Rueda,javi rueda,17,Lateral derecho,https://img.a.transfermarkt.technology/portrait/medium/652331-1773949798.jpg
RC Celta de Vigo,Álvaro Núñez,alvaro nunez,15,Lateral derecho,https://img.a.transfermarkt.technology/portrait/medium/626953-1752919393.jpg
RC Celta de Vigo,Ilaix Moriba,ilaix moriba,6,Mediocentro,https://img.a.transfermarkt.technology/portrait/medium/617074-1758827372.jpg
RC Celta de Vigo,Miguel Román,miguel roman,8,Mediocentro,https://img.a.transfermarkt.technology/portrait/medium/892932-1769759183.jpg
RC Celta de Vigo,Aleix Febas,aleix febas,14,Mediocentro,https://img.a.transfermarkt.technology/portrait/medium/217144-1448531418.jpg
RC Celta de Vigo,Williot Swedberg,williot swedberg,19,Extremo izquierdo,https://img.a.transfermarkt.technology/portrait/medium/764859-1765193019.jpg
RC Celta de Vigo,Hugo Álvarez,hugo alvarez,23,Extremo izquierdo,https://img.a.transfermarkt.technology/portrait/medium/892929-1715867247.jpg
RC Celta de Vigo,Ferran Jutglà,ferran jutgla,9,Extremo derecho,https://img.a.transfermarkt.technology/portrait/medium/599231-1666292299.jpg
RC Celta de Vigo,Jones El-Abdellaoui,jones el abdellaoui,39,Extremo derecho,https://img.a.transfermarkt.technology/portrait/medium/960571-1720825911.jpg
RC Celta de Vigo,Carles Pérez,carles perez,18,Extremo derecho,https://img.a.transfermarkt.technology/portrait/medium/282810-1698852701.jpg
RC Celta de Vigo,Hugo González,hugo gonzalez,16,Extremo derecho,https://img.a.transfermarkt.technology/portrait/medium/707279-1698962824.jpg
RC Celta de Vigo,Pablo Durán,pablo duran,11,Delantero centro,https://img.a.transfermarkt.technology/portrait/medium/905997-1761577329.jpg
RC Celta de Vigo,Borja Iglesias,borja iglesias,7,Delantero centro,https://img.a.transfermarkt.technology/portrait/medium/278359-1686661509.jpg
RC Celta de Vigo,Iago Aspas,iago aspas,10,Delantero centro,https://img.a.transfermarkt.technology/portrait/medium/72047-1758827533.jpg
Real Madrid CF,Thibaut Courtois,thibaut courtois,1,Portero,https://img.a.transfermarkt.technology/portrait/medium/108390-1717280733.jpg
Real Madrid CF,Andriy Lunin,andriy lunin,13,Portero,https://img.a.transfermarkt.technology/portrait/medium/404839-1701294131.jpg
Real Madrid CF,Dean Huijsen,dean huijsen,4,Defensa central,https://img.a.transfermarkt.technology/portrait/medium/890290-1750251451.jpg
Real Madrid CF,Ibrahima Konaté,ibrahima konate,16,Defensa central,https://img.a.transfermarkt.technology/portrait/medium/357119-1669190550.jpg
Real Madrid CF,Raúl Asencio,raul asencio,2,Defensa central,https://img.a.transfermarkt.technology/portrait/medium/935245-1731168094.jpg
Real Madrid CF,Éder Militão,eder militao,3,Defensa central,https://img.a.transfermarkt.technology/portrait/medium/401530-1719653438.jpg
Real Madrid CF,Antonio Rüdiger,antonio rudiger,22,Defensa central,https://img.a.transfermarkt.technology/portrait/medium/86202-1684484602.jpg
Real Madrid CF,Marc Cucurella,marc cucurella,17,Lateral izquierdo,https://img.a.transfermarkt.technology/portrait/medium/284857-1765185117.jpg
Real Madrid CF,Álvaro Carreras,alvaro carreras,18,Lateral izquierdo,https://img.a.transfermarkt.technology/portrait/medium/811778-1737497415.jpg
Real Madrid CF,Ferland Mendy,ferland mendy,23,Lateral izquierdo,https://img.a.transfermarkt.technology/portrait/medium/291417-1701294025.jpg
Real Madrid CF,Trent Alexander-Arnold,trent alexander arnold,12,Lateral derecho,https://img.a.transfermarkt.technology/portrait/medium/314353-1701680958.jpg
Real Madrid CF,Denzel Dumfries,denzel dumfries,24,Lateral derecho,https://img.a.transfermarkt.technology/portrait/medium/321528-1746042223.jpg
Real Madrid CF,Aurélien Tchouaméni,aurelien tchouameni,14,Pivote,https://img.a.transfermarkt.technology/portrait/medium/413112-1668500754.jpg
Real Madrid CF,Federico Valverde,federico valverde,8,Mediocentro,https://img.a.transfermarkt.technology/portrait/medium/369081-1731018042.jpg
Real Madrid CF,Eduardo Camavinga,eduardo camavinga,6,Mediocentro,https://img.a.transfermarkt.technology/portrait/medium/640428-1668500874.jpg
Real Madrid CF,Thiago Pitarch,thiago pitarch,27,Mediocentro,https://img.a.transfermarkt.technology/portrait/medium/1375227-1755633821.jpg
Real Madrid CF,Jorge Cestero,jorge cestero,29,Mediocentro,https://img.a.transfermarkt.technology/portrait/medium/1186235-1759738619.jpg
Real Madrid CF,Jude Bellingham,jude bellingham,5,Mediocentro ofensivo,https://img.a.transfermarkt.technology/portrait/medium/581678-1748102891.jpg
Real Madrid CF,Arda Güler,arda guler,15,Mediocentro ofensivo,https://img.a.transfermarkt.technology/portrait/medium/861410-1699472585.jpg
Real Madrid CF,Bernardo Silva,bernardo silva,20,Mediocentro ofensivo,https://img.a.transfermarkt.technology/portrait/medium/241641-1684311533.jpg
Real Madrid CF,Vinicius Junior,vinicius junior,7,Extremo izquierdo,https://img.a.transfermarkt.technology/portrait/medium/371998-1761575144.jpg
Real Madrid CF,Yan Diomande,yan diomande,25,Extremo derecho,https://img.a.transfermarkt.technology/portrait/medium/1390649-1759779499.jpg
Real Madrid CF,Rodrygo,rodrygo,11,Extremo derecho,https://img.a.transfermarkt.technology/portrait/medium/412363-1763041611.jpg
Real Madrid CF,Brahim Díaz,brahim diaz,21,Extremo derecho,https://img.a.transfermarkt.technology/portrait/medium/314678-1744193327.jpg
Real Madrid CF,Kylian Mbappé,kylian mbappe,10,Delantero centro,https://img.a.transfermarkt.technology/portrait/medium/342229-1682683695.jpg
Real Madrid CF,Endrick,endrick,9,Delantero centro,https://img.a.transfermarkt.technology/portrait/medium/971570-1782847902.jpg
Real Madrid CF,Carlos Espí,carlos espi,19,Delantero centro,https://img.a.transfermarkt.technology/portrait/medium/1063338-1759409131.jpg
Athletic Club,Unai Simón,unai simon,1,Portero,https://img.a.transfermarkt.technology/portrait/medium/262396-1709674901.png
Athletic Club,Álex Padilla,alex padilla,13,Portero,https://img.a.transfermarkt.technology/portrait/medium/834483-1709676711.png
Athletic Club,Dani Vivian,dani vivian,3,Defensa central,https://img.a.transfermarkt.technology/portrait/medium/524000-1709674998.png
Athletic Club,Aymeric Laporte,aymeric laporte,14,Defensa central,https://img.a.transfermarkt.technology/portrait/medium/176553-1685546335.jpg
Athletic Club,Aitor Paredes,aitor paredes,4,Defensa central,https://img.a.transfermarkt.technology/portrait/medium/591916-1709675052.png
Athletic Club,Yeray Álvarez,yeray alvarez,5,Defensa central,https://img.a.transfermarkt.technology/portrait/medium/255488-1709675129.png
Athletic Club,Unai Egiluz,unai egiluz,-,Defensa central,https://img.a.transfermarkt.technology/portrait/medium/834485-1709676798.png
Athletic Club,Adama Boiro,adama boiro,19,Lateral izquierdo,https://img.a.transfermarkt.technology/portrait/medium/710671-1709677000.png
Athletic Club,Yuri Berchiche,yuri berchiche,17,Lateral izquierdo,https://img.a.transfermarkt.technology/portrait/medium/61812-1709675167.png
Athletic Club,Jesús Areso,jesus areso,12,Lateral derecho,https://img.a.transfermarkt.technology/portrait/medium/488626-1675800186.jpg
Athletic Club,Hugo Rincón,hugo rincon,15,Lateral derecho,https://img.a.transfermarkt.technology/portrait/medium/834487-1709677097.png
Athletic Club,Andoni Gorosabel,andoni gorosabel,2,Lateral derecho,https://img.a.transfermarkt.technology/portrait/medium/289255-1739190147.jpeg
Athletic Club,Mikel Jauregizar,mikel jauregizar,18,Mediocentro,https://img.a.transfermarkt.technology/portrait/medium/938729-1709675994.png
Athletic Club,Beñat Prados,benat prados,6,Mediocentro,https://img.a.transfermarkt.technology/portrait/medium/625047-1709675858.png
Athletic Club,Alejandro Rego,alejandro rego,20,Mediocentro,https://img.a.transfermarkt.technology/portrait/medium/834491-1709677367.png
Athletic Club,Selton Sánchez,selton sanchez,44,Mediocentro,https://img.a.transfermarkt.technology/portrait/medium/1312698-1731353776.png
Athletic Club,Iñigo Ruiz de Galarreta,inigo ruiz de galarreta,16,Mediocentro,https://img.a.transfermarkt.technology/portrait/medium/126751-1709675810.png
Athletic Club,Unai Vencedor,unai vencedor,-,Mediocentro,https://img.a.transfermarkt.technology/portrait/medium/610083-1671998817.png
Athletic Club,Beñat Gerenabarrena,benat gerenabarrena,24,Mediocentro,https://img.a.transfermarkt.technology/portrait/medium/709214-1709677208.png
Athletic Club,Oihan Sancet,oihan sancet,8,Mediocentro ofensivo,https://img.a.transfermarkt.technology/portrait/medium/571020-1709676037.png
Athletic Club,Peio Canales,peio canales,28,Mediocentro ofensivo,https://img.a.transfermarkt.technology/portrait/medium/1056966-1709678026.png
Athletic Club,Nico Williams,nico williams,10,Extremo izquierdo,https://img.a.transfermarkt.technology/portrait/medium/709187-1709676169.png
Athletic Club,Álex Berenguer,alex berenguer,7,Extremo izquierdo,https://img.a.transfermarkt.technology/portrait/medium/338425-1709676212.png
Athletic Club,Álvaro Djaló,alvaro djalo,25,Extremo izquierdo,https://img.a.transfermarkt.technology/portrait/medium/671649-1762259842.jpg
Athletic Club,Nico Serrano,nico serrano,22,Extremo izquierdo,https://img.a.transfermarkt.technology/portrait/medium/668183-1731352737.png
Athletic Club,Iñaki Williams,inaki williams,9,Extremo derecho,https://img.a.transfermarkt.technology/portrait/medium/255508-1709676323.png
Athletic Club,Robert Navarro,robert navarro,23,Extremo derecho,https://img.a.transfermarkt.technology/portrait/medium/563137-1567246327.jpg
Athletic Club,Gorka Guruzeta,gorka guruzeta,11,Delantero centro,https://img.a.transfermarkt.technology/portrait/medium/340205-1709676375.png
Athletic Club,Maroan Sannadi,maroan sannadi,21,Delantero centro,https://img.a.transfermarkt.technology/portrait/medium/1054934-1736857054.jpg
